{"cameraMode":{"drawMode":0,"name":"Shaded","section":"Shading Mode"},"sceneLighting":true,"audioPlay":false,"sceneViewState":{"showFog":true,"showMaterialUpdate":false,"showSkybox":true,"showFlares":true,"showImageEffects":true,"showParticleSystems":true},"in2DMode":false,"pivot":{"x":50.599063873291019,"y":10.433293342590332,"z":14.532849311828614},"rotation":{"x":0.000001174722569885489,"y":-0.6765217185020447,"z":0.000003964596999139758,"w":0.7364227175712586},"size":8.925326347351075,"orthographic":false}