{"cameraMode":{"drawMode":0,"name":"Shaded","section":"Shading Mode"},"sceneLighting":true,"audioPlay":false,"sceneViewState":{"showFog":true,"showMaterialUpdate":false,"showSkybox":true,"showFlares":true,"showImageEffects":true,"showParticleSystems":true},"in2DMode":false,"pivot":{"x":60.046417236328128,"y":6.868433475494385,"z":1.0709534883499146},"rotation":{"x":-0.02107612043619156,"y":-0.976691484451294,"z":0.11390655487775803,"w":-0.1807067096233368},"size":20.46327781677246,"orthographic":false}