{"cameraMode":{"drawMode":0,"name":"Shaded","section":"Shading Mode"},"sceneLighting":true,"audioPlay":false,"sceneViewState":{"showFog":true,"showMaterialUpdate":false,"showSkybox":true,"showFlares":true,"showImageEffects":true,"showParticleSystems":true},"in2DMode":false,"pivot":{"x":53.5099983215332,"y":7.125447750091553,"z":23.04880142211914},"rotation":{"x":0.031051240861415864,"y":-0.0952313244342804,"z":0.00297209108248353,"w":0.9949663281440735},"size":3.0563323497772219,"orthographic":false}